io.reactivex.subscribers.TestSubscriber,io.reactivex.rxjava3.subscribers.TestSubscriber
io.reactivex.subscribers.SerializedSubscriber,io.reactivex.rxjava3.subscribers.SerializedSubscriber
io.reactivex.subscribers.SafeSubscriber,io.reactivex.rxjava3.subscribers.SafeSubscriber
io.reactivex.subscribers.ResourceSubscriber,io.reactivex.rxjava3.subscribers.ResourceSubscriber
io.reactivex.subscribers.DisposableSubscriber,io.reactivex.rxjava3.subscribers.DisposableSubscriber
io.reactivex.subscribers.DefaultSubscriber,io.reactivex.rxjava3.subscribers.DefaultSubscriber
io.reactivex.subjects.UnicastSubject,io.reactivex.rxjava3.subjects.UnicastSubject
io.reactivex.subjects.Subject,io.reactivex.rxjava3.subjects.Subject
io.reactivex.subjects.SingleSubject,io.reactivex.rxjava3.subjects.SingleSubject
io.reactivex.subjects.ReplaySubject,io.reactivex.rxjava3.subjects.ReplaySubject
io.reactivex.subjects.PublishSubject,io.reactivex.rxjava3.subjects.PublishSubject
io.reactivex.subjects.MaybeSubject,io.reactivex.rxjava3.subjects.MaybeSubject
io.reactivex.subjects.CompletableSubject,io.reactivex.rxjava3.subjects.CompletableSubject
io.reactivex.subjects.BehaviorSubject,io.reactivex.rxjava3.subjects.BehaviorSubject
io.reactivex.subjects.AsyncSubject,io.reactivex.rxjava3.subjects.AsyncSubject
io.reactivex.schedulers.Timed,io.reactivex.rxjava3.schedulers.Timed
io.reactivex.schedulers.TestScheduler,io.reactivex.rxjava3.schedulers.TestScheduler
io.reactivex.schedulers.Schedulers,io.reactivex.rxjava3.schedulers.Schedulers
io.reactivex.schedulers.SchedulerRunnableIntrospection,io.reactivex.rxjava3.schedulers.SchedulerRunnableIntrospection
io.reactivex.processors.UnicastProcessor,io.reactivex.rxjava3.processors.UnicastProcessor
io.reactivex.processors.ReplayProcessor,io.reactivex.rxjava3.processors.ReplayProcessor
io.reactivex.processors.PublishProcessor,io.reactivex.rxjava3.processors.PublishProcessor
io.reactivex.processors.MulticastProcessor,io.reactivex.rxjava3.processors.MulticastProcessor
io.reactivex.processors.FlowableProcessor,io.reactivex.rxjava3.processors.FlowableProcessor
io.reactivex.processors.BehaviorProcessor,io.reactivex.rxjava3.processors.BehaviorProcessor
io.reactivex.processors.AsyncProcessor,io.reactivex.rxjava3.processors.AsyncProcessor
io.reactivex.plugins.RxJavaPlugins,io.reactivex.rxjava3.plugins.RxJavaPlugins
io.reactivex.parallel.ParallelTransformer,io.reactivex.rxjava3.parallel.ParallelTransformer
io.reactivex.parallel.ParallelFlowableConverter,io.reactivex.rxjava3.parallel.ParallelFlowableConverter
io.reactivex.parallel.ParallelFlowable,io.reactivex.rxjava3.parallel.ParallelFlowable
io.reactivex.parallel.ParallelFailureHandling,io.reactivex.rxjava3.parallel.ParallelFailureHandling
io.reactivex.observers.TestObserver,io.reactivex.rxjava3.observers.TestObserver
io.reactivex.observers.SerializedObserver,io.reactivex.rxjava3.observers.SerializedObserver
io.reactivex.observers.SafeObserver,io.reactivex.rxjava3.observers.SafeObserver
io.reactivex.observers.ResourceSingleObserver,io.reactivex.rxjava3.observers.ResourceSingleObserver
io.reactivex.observers.ResourceObserver,io.reactivex.rxjava3.observers.ResourceObserver
io.reactivex.observers.ResourceMaybeObserver,io.reactivex.rxjava3.observers.ResourceMaybeObserver
io.reactivex.observers.ResourceCompletableObserver,io.reactivex.rxjava3.observers.ResourceCompletableObserver
io.reactivex.observers.LambdaConsumerIntrospection,io.reactivex.rxjava3.observers.LambdaConsumerIntrospection
io.reactivex.observers.DisposableSingleObserver,io.reactivex.rxjava3.observers.DisposableSingleObserver
io.reactivex.observers.DisposableObserver,io.reactivex.rxjava3.observers.DisposableObserver
io.reactivex.observers.DisposableMaybeObserver,io.reactivex.rxjava3.observers.DisposableMaybeObserver
io.reactivex.observers.DisposableCompletableObserver,io.reactivex.rxjava3.observers.DisposableCompletableObserver
io.reactivex.observers.DefaultObserver,io.reactivex.rxjava3.observers.DefaultObserver
io.reactivex.observers.BaseTestConsumer,io.reactivex.rxjava3.observers.BaseTestConsumer
io.reactivex.observables.GroupedObservable,io.reactivex.rxjava3.observables.GroupedObservable
io.reactivex.observables.ConnectableObservable,io.reactivex.rxjava3.observables.ConnectableObservable
io.reactivex.functions.Predicate,io.reactivex.rxjava3.functions.Predicate
io.reactivex.functions.LongConsumer,io.reactivex.rxjava3.functions.LongConsumer
io.reactivex.functions.IntFunction,io.reactivex.rxjava3.functions.IntFunction
io.reactivex.functions.Function9,io.reactivex.rxjava3.functions.Function9
io.reactivex.functions.Function8,io.reactivex.rxjava3.functions.Function8
io.reactivex.functions.Function7,io.reactivex.rxjava3.functions.Function7
io.reactivex.functions.Function6,io.reactivex.rxjava3.functions.Function6
io.reactivex.functions.Function5,io.reactivex.rxjava3.functions.Function5
io.reactivex.functions.Function4,io.reactivex.rxjava3.functions.Function4
io.reactivex.functions.Function3,io.reactivex.rxjava3.functions.Function3
io.reactivex.functions.Function,io.reactivex.rxjava3.functions.Function
io.reactivex.functions.Consumer,io.reactivex.rxjava3.functions.Consumer
io.reactivex.functions.Cancellable,io.reactivex.rxjava3.functions.Cancellable
io.reactivex.functions.BooleanSupplier,io.reactivex.rxjava3.functions.BooleanSupplier
io.reactivex.functions.BiPredicate,io.reactivex.rxjava3.functions.BiPredicate
io.reactivex.functions.BiFunction,io.reactivex.rxjava3.functions.BiFunction
io.reactivex.functions.BiConsumer,io.reactivex.rxjava3.functions.BiConsumer
io.reactivex.functions.Action,io.reactivex.rxjava3.functions.Action
io.reactivex.flowables.GroupedFlowable,io.reactivex.rxjava3.flowables.GroupedFlowable
io.reactivex.flowables.ConnectableFlowable,io.reactivex.rxjava3.flowables.ConnectableFlowable
io.reactivex.exceptions.UndeliverableException,io.reactivex.rxjava3.exceptions.UndeliverableException
io.reactivex.exceptions.ProtocolViolationException,io.reactivex.rxjava3.exceptions.ProtocolViolationException
io.reactivex.exceptions.OnErrorNotImplementedException,io.reactivex.rxjava3.exceptions.OnErrorNotImplementedException
io.reactivex.exceptions.MissingBackpressureException,io.reactivex.rxjava3.exceptions.MissingBackpressureException
io.reactivex.exceptions.Exceptions,io.reactivex.rxjava3.exceptions.Exceptions
io.reactivex.exceptions.CompositeException,io.reactivex.rxjava3.exceptions.CompositeException
io.reactivex.disposables.SerialDisposable,io.reactivex.rxjava3.disposables.SerialDisposable
io.reactivex.disposables.Disposable,io.reactivex.rxjava3.disposables.Disposable
io.reactivex.disposables.CompositeDisposable,io.reactivex.rxjava3.disposables.CompositeDisposable
io.reactivex.annotations.SchedulerSupport,io.reactivex.rxjava3.annotations.SchedulerSupport
io.reactivex.annotations.Nullable,io.reactivex.rxjava3.annotations.Nullable
io.reactivex.annotations.NonNull,io.reactivex.rxjava3.annotations.NonNull
io.reactivex.annotations.Experimental,io.reactivex.rxjava3.annotations.Experimental
io.reactivex.annotations.CheckReturnValue,io.reactivex.rxjava3.annotations.CheckReturnValue
io.reactivex.annotations.Beta,io.reactivex.rxjava3.annotations.Beta
io.reactivex.annotations.BackpressureSupport,io.reactivex.rxjava3.annotations.BackpressureSupport
io.reactivex.annotations.BackpressureKind,io.reactivex.rxjava3.annotations.BackpressureKind
io.reactivex.android.schedulers.AndroidSchedulers,io.reactivex.rxjava3.android.schedulers.AndroidSchedulers
io.reactivex.android.MainThreadDisposable,io.reactivex.rxjava3.android.MainThreadDisposable
io.reactivex.SingleTransformer,io.reactivex.rxjava3.core.SingleTransformer
io.reactivex.SingleSource,io.reactivex.rxjava3.core.SingleSource
io.reactivex.SingleOperator,io.reactivex.rxjava3.core.SingleOperator
io.reactivex.SingleOnSubscribe,io.reactivex.rxjava3.core.SingleOnSubscribe
io.reactivex.SingleObserver,io.reactivex.rxjava3.core.SingleObserver
io.reactivex.SingleEmitter,io.reactivex.rxjava3.core.SingleEmitter
io.reactivex.SingleConverter,io.reactivex.rxjava3.core.SingleConverter
io.reactivex.Single,io.reactivex.rxjava3.core.Single
io.reactivex.Scheduler.Worker,io.reactivex.rxjava3.core.Scheduler.Worker
io.reactivex.Scheduler,io.reactivex.rxjava3.core.Scheduler
io.reactivex.Observer,io.reactivex.rxjava3.core.Observer
io.reactivex.ObservableTransformer,io.reactivex.rxjava3.core.ObservableTransformer
io.reactivex.ObservableSource,io.reactivex.rxjava3.core.ObservableSource
io.reactivex.ObservableOperator,io.reactivex.rxjava3.core.ObservableOperator
io.reactivex.ObservableOnSubscribe,io.reactivex.rxjava3.core.ObservableOnSubscribe
io.reactivex.ObservableEmitter,io.reactivex.rxjava3.core.ObservableEmitter
io.reactivex.ObservableConverter,io.reactivex.rxjava3.core.ObservableConverter
io.reactivex.Observable,io.reactivex.rxjava3.core.Observable
io.reactivex.Notification,io.reactivex.rxjava3.core.Notification
io.reactivex.MaybeTransformer,io.reactivex.rxjava3.core.MaybeTransformer
io.reactivex.MaybeSource,io.reactivex.rxjava3.core.MaybeSource
io.reactivex.MaybeOperator,io.reactivex.rxjava3.core.MaybeOperator
io.reactivex.MaybeOnSubscribe,io.reactivex.rxjava3.core.MaybeOnSubscribe
io.reactivex.MaybeObserver,io.reactivex.rxjava3.core.MaybeObserver
io.reactivex.MaybeEmitter,io.reactivex.rxjava3.core.MaybeEmitter
io.reactivex.MaybeConverter,io.reactivex.rxjava3.core.MaybeConverter
io.reactivex.Maybe,io.reactivex.rxjava3.core.Maybe
io.reactivex.FlowableTransformer,io.reactivex.rxjava3.core.FlowableTransformer
io.reactivex.FlowableSubscriber,io.reactivex.rxjava3.core.FlowableSubscriber
io.reactivex.FlowableOperator,io.reactivex.rxjava3.core.FlowableOperator
io.reactivex.FlowableOnSubscribe,io.reactivex.rxjava3.core.FlowableOnSubscribe
io.reactivex.FlowableEmitter,io.reactivex.rxjava3.core.FlowableEmitter
io.reactivex.FlowableConverter,io.reactivex.rxjava3.core.FlowableConverter
io.reactivex.Flowable,io.reactivex.rxjava3.core.Flowable
io.reactivex.Emitter,io.reactivex.rxjava3.core.Emitter
io.reactivex.CompletableTransformer,io.reactivex.rxjava3.core.CompletableTransformer
io.reactivex.CompletableSource,io.reactivex.rxjava3.core.CompletableSource
io.reactivex.CompletableOperator,io.reactivex.rxjava3.core.CompletableOperator
io.reactivex.CompletableOnSubscribe,io.reactivex.rxjava3.core.CompletableOnSubscribe
io.reactivex.CompletableObserver,io.reactivex.rxjava3.core.CompletableObserver
io.reactivex.CompletableEmitter,io.reactivex.rxjava3.core.CompletableEmitter
io.reactivex.CompletableConverter,io.reactivex.rxjava3.core.CompletableConverter
io.reactivex.Completable,io.reactivex.rxjava3.core.Completable
io.reactivex.BackpressureStrategy,io.reactivex.rxjava3.core.BackpressureStrategy
io.reactivex.BackpressureOverflowStrategy,io.reactivex.rxjava3.core.BackpressureOverflowStrategy
com.jakewharton.rxrelay2,com.jakewharton.rxrelay3
com.jakewharton.rxbindings3,com.jakewharton.rxbindings4
